wilaya_code,name_ar,name_en
01,أدرار,أدرار
01,تامست,تامست
01,رقان,رقان
01,إن زغمير,إن زغمير
01,تيط,تيط
01,تسابيت,تسابيت
01,زاوية كنتة,زاوية كنتة
01,أولف,أولف
01,تيمقطن,تيمقطن
01,تمنطيط,تمنطيط
01,فنوغيل,فنوغيل
01,سالي,سالي
01,أقبلي,أقبلي
01,أولاد أحمد تيمي,أولاد أحمد تيمي
01,بودة,بودة
01,سبع,سبع
02,الشلف,الشلف
02,تنس,تنس
02,بنايرية,بنايرية
02,الكريمية,الكريمية
02,تاجنة,تاجنة
02,تاقريت,تاقريت
02,بني حواء,بني حواء
02,صبحة,صبحة
02,حرشون,حرشون
02,أولاد فارس,أولاد فارس
02,سيدي عكاشة,سيدي عكاشة
02,بوقادير,بوقادير
02,بني راشد,بني راشد
02,تلعصة,تلعصة
02,الهرنفة,الهرنفة
02,وادي قوسين,وادي قوسين
02,الظهر,الظهر
02,أولاد عباس,أولاد عباس
02,السنجاس,السنجاس
02,الزبوجة,الزبوجة
02,وادي سلي,وادي سلي
02,أبو الحسن,أبو الحسن
02,المرسى,المرسى
02,الشطية,الشطية
02,سيدي عبد الرحمن,سيدي عبد الرحمن
02,مصدق,مصدق
02,الحجاج,الحجاج
02,الأبيض مجاجة,الأبيض مجاجة
02,وادي الفضة,وادي الفضة
02,أولاد بن عبد القادر,أولاد بن عبد القادر
02,بوزغاية,بوزغاية
02,عين مران,عين مران
02,أم الدروع,أم الدروع
02,بريرة,بريرة
02,بني بوعتاب,بني بوعتاب
03,الأغواط,الأغواط
03,قصر الحيران,قصر الحيران
03,بن ناصر بن شهرة,بن ناصر بن شهرة
03,سيدي مخلوف,سيدي مخلوف
03,حاسي الدلاعة,حاسي الدلاعة
03,حاسي الرمل,حاسي الرمل
03,عين ماضي,عين ماضي
03,تاجموت,تاجموت
03,الخنق,الخنق
03,قلتة سيدي سعد,قلتة سيدي سعد
03,عين سيدي علي,عين سيدي علي
03,البيضاء,البيضاء
03,بريدة,بريدة
03,الغيشة,الغيشة
03,الحاج مشري,الحاج مشري
03,سبقاق,سبقاق
03,تاويالة,تاويالة
03,تاجرونة,تاجرونة
03,أفلو,أفلو
03,العسافية,العسافية
03,وادي مرة,وادي مرة
03,وادي مزي,وادي مزي
03,الحويطة,الحويطة
03,سيدي بوزيد,سيدي بوزيد
04,أم البواقي,أم البواقي
04,عين البيضاء,عين البيضاء
04,عين مليلة,عين مليلة
04,بحير الشرقي,بحير الشرقي
04,العامرية,العامرية
04,سيقوس,سيقوس
04,البلالة,البلالة
04,عين بابوش,عين بابوش
04,بريش,بريش
04,أولاد حملة,أولاد حملة
04,الضلعة,الضلعة
04,عين كرشة,عين كرشة
04,هنشير تومغني,هنشير تومغني
04,الجازية,الجازية
04,عين الديس,عين الديس
04,فكيرينة,فكيرينة
04,سوق نعمان,سوق نعمان
04,الزرق,الزرق
04,الفجوج بوغرارة سعودي,الفجوج بوغرارة سعودي
04,أولاد زواي,أولاد زواي
04,بئر الشهداء,بئر الشهداء
04,قصر الصباحي,قصر الصباحي
04,وادي نيني,وادي نيني
04,مسكيانة,مسكيانة
04,عين فكرون,عين فكرون
04,الراحية,الراحية
04,عين الزيتون,عين الزيتون
04,أولاد قاسم,أولاد قاسم
04,الحرملية,الحرملية
05,باتنة,باتنة
05,غسيرة,غسيرة
05,معافة,معافة
05,مروانة,مروانة
05,سريانة,سريانة
05,منعة,منعة
05,المعذر,المعذر
05,تازولت,تازولت
05,نقاوس,نقاوس
05,قيقبة,قيقبة
05,إينوغيسن,إينوغيسن
05,عيون العصافير,عيون العصافير
05,جرمة,جرمة
05,بيطام,بيطام
05,إزيل عبد القادر,إزيل عبد القادر
05,أريس,أريس
05,كيمل,كيمل
05,تيلاطو,تيلاطو
05,عين جاسر,عين جاسر
05,أولاد سالم,أولاد سالم
05,تغرغار,تغرغار
05,عين ياقوت,عين ياقوت
05,فسديس,فسديس
05,سفيان,سفيان
05,الرحبات,الرحبات
05,تغانمين,تغانمين
05,لمسان,لمسان
05,قصر بلزمة,قصر بلزمة
05,سقانة,سقانة
05,إشمول,إشمول
05,فم الطوب,فم الطوب
05,بني فضالة الحكانية,بني فضالة الحكانية
05,وادي الماء,وادي الماء
05,تالخمت,تالخمت
05,بوزينة,بوزينة
05,شمرة,شمرة
05,وادي الشعبة,وادي الشعبة
05,تاكسلانت,تاكسلانت
05,القصبات,القصبات
05,أولاد عوف,أولاد عوف
05,بومقر,بومقر
05,بريكة,بريكة
05,الجزار,الجزار
05,تكوت,تكوت
05,عين التوتة,عين التوتة
05,حيدوسة,حيدوسة
05,ثنية العابد,ثنية العابد
05,وادي الطاقة,وادي الطاقة
05,أولاد فاضل,أولاد فاضل
05,تيمقاد,تيمقاد
05,رأس العيون,رأس العيون
05,شير,شير
05,أولاد سيدي سليمان,أولاد سيدي سليمان
05,زانة البيضاء,زانة البيضاء
05,مدوكال,مدوكال
05,أولاد عمار,أولاد عمار
05,الحاسي,الحاسي
05,لازرو,لازرو
05,بومية,بومية
05,بوالحيلات,بوالحيلات
05,لرباع,لرباع
06,بجاية,بجاية
06,أميزور,أميزور
06,فرعون,فرعون
06,تاوريرت إغيل,تاوريرت إغيل
06,شلاطة,شلاطة
06,تامقرة,تامقرة
06,تيمزريت,تيمزريت
06,سوق لإثنين,سوق لإثنين
06,مسيسنة,مسيسنة
06,تينبدار,تينبدار
06,تيشي,تيشي
06,سمعون,سمعون
06,كنديرة,كنديرة
06,تيفرة,تيفرة
06,إغرم,إغرم
06,أمالو,أمالو
06,إغيل علي,إغيل علي
06,فلاين الماثن,فلاين الماثن
06,توجة,توجة
06,درقينة,درقينة
06,سيدي عياد,سيدي عياد
06,أوقاس,أوقاس
06,بني جليل,بني جليل
06,أدكار,أدكار
06,أقبو,أقبو
06,صدوق,صدوق
06,تزمالت,تزمالت
06,أيت رزين,أيت رزين
06,شميني,شميني
06,السوق أوفلا,السوق أوفلا
06,تاسكريوت,تاسكريوت
06,طيبان,طيبان
06,تالة حمزة,تالة حمزة
06,برباشة,برباشة
06,بني كسيلة,بني كسيلة
06,أوزلاقن,أوزلاقن
06,بوحمزة,بوحمزة
06,بني مليكش,بني مليكش
06,سيدي عيش,سيدي عيش
06,القصر,القصر
06,مالبو,مالبو
06,أكفادو,أكفادو
06,لفلاي,لفلاي
06,خراطة,خراطة
06,ذراع القايد,ذراع القايد
06,تامريجت,تامريجت
06,أيت إسماعيل,أيت إسماعيل
06,بوخليفة,بوخليفة
06,تيزي نبربر,تيزي نبربر
06,بني معوش,بني معوش
06,وادي غير,وادي غير
06,بو جليل,بو جليل
07,بسكرة,بسكرة
07,أوماش,أوماش
07,البرانس,البرانس
07,شتمة,شتمة
07,سيدي عقبة,سيدي عقبة
07,مشونش,مشونش
07,الحوش,الحوش
07,عين الناقة,عين الناقة
07,زريبة الوادي,زريبة الوادي
07,الفيض,الفيض
07,القنطرة,القنطرة
07,عين زعطوط,عين زعطوط
07,الوطاية,الوطاية
07,جمورة,جمورة
07,طولقة,طولقة
07,لواء,لواء
07,لشانة,لشانة
07,أورلال,أورلال
07,مليلي,مليلي
07,فوغالة,فوغالة
07,برج بن عزوز,برج بن عزوز
07,المزيرعة,المزيرعة
07,بوشقرون,بوشقرون
07,مخادمة,مخادمة
07,الغروس,الغروس
07,الحاجب,الحاجب
07,خنقة سيدي ناجي,خنقة سيدي ناجي
08,بشار,بشار
08,عرق فراج,عرق فراج
08,مريجة,مريجة
08,الأحمر,الأحمر
08,مشروع هواري بومدين,مشروع هواري بومدين
08,قنادسة,قنادسة
08,تاغيت,تاغيت
08,بوقايس,بوقايس
08,موغل,موغل
08,العبادلة,العبادلة
08,بني ونيف,بني ونيف
09,البليدة,البليدة
09,الشبلي,الشبلي
09,بوعينان,بوعينان
09,وادي العلايق,وادي العلايق
09,أولاد يعيش,أولاد يعيش
09,الشريعة,الشريعة
09,العفرون,العفرون
09,الشفة,الشفة
09,حمام ملوان,حمام ملوان
09,بن خليل,بن خليل
09,الصومعة,الصومعة
09,موزاية,موزاية
09,سوحان,سوحان
09,مفتاح,مفتاح
09,أولاد سلامة,أولاد سلامة
09,بوفاريك,بوفاريك
09,الأربعاء,الأربعاء
09,وادي جر,وادي جر
09,بني تامو,بني تامو
09,بوعرفة,بوعرفة
09,بني مراد,بني مراد
09,بوقرة,بوقرة
09,قرواو,قرواو
09,عين الرمانة,عين الرمانة
09,جبابرة,جبابرة
10,البويرة,البويرة
10,الأسنام,الأسنام
10,قرومة,قرومة
10,سوق الخميس,سوق الخميس
10,القادرية,القادرية
10,حنيف,حنيف
10,ديرة,ديرة
10,أيت لعزيز,أيت لعزيز
10,تاغزوت,تاغزوت
10,روراوة,روراوة
10,مزدور,مزدور
10,الحيزر,الحيزر
10,الأخضرية,الأخضرية
10,معلة,معلة
10,الهاشمية,الهاشمية
10,أعمر,أعمر
10,الشرفاء,الشرفاء
10,برج أوخريص,برج أوخريص
10,العجيبة,العجيبة
10,الحاكمية,الحاكمية
10,الخبوزية,الخبوزية
10,أهل القصر,أهل القصر
10,بودربالة,بودربالة
10,زبربر,زبربر
10,عين الحجر,عين الحجر
10,جباحية,جباحية
10,أغبالو,أغبالو
10,تاقديت,تاقديت
10,عين الترك,عين الترك
10,الصهايج,الصهايج
10,الدشمية,الدشمية
10,ريدان,ريدان
10,بشلول,بشلول
10,بوكرم,بوكرم
10,عين بسام,عين بسام
10,بئر غبالو,بئر غبالو
10,مشد الله,مشد الله
10,سور الغزلان,سور الغزلان
10,المعمورة,المعمورة
10,أولاد راشد,أولاد راشد
10,عين العلوي,عين العلوي
10,الحجرة الزرقاء,الحجرة الزرقاء
10,تاوريرت,تاوريرت
10,المقراني,المقراني
10,وادي البردي,وادي البردي
11,تمنراست,تمنراست
11,آبلسة,آبلسة
11,أدلس,أدلس
11,تازروك,تازروك
11,عين أمقل,عين أمقل
12,تبسة,تبسة
12,بئر العاتر,بئر العاتر
12,الشريعة,الشريعة
12,سطح قنطيس,سطح قنطيس
12,العوينات,العوينات
12,الحويجبات,الحويجبات
12,صفصاف الوسرة,صفصاف الوسرة
12,الحمامات,الحمامات
12,نقرين,نقرين
12,بئر المقدم,بئر المقدم
12,الكويف,الكويف
12,مرسط,مرسط
12,العقلة,العقلة
12,بئر الذهب,بئر الذهب
12,العقلة المالحة,العقلة المالحة
12,قوريقر,قوريقر
12,بكارية,بكارية
12,بوخضرة,بوخضرة
12,الونزة,الونزة
12,الماء الأبيض,الماء الأبيض
12,أم علي,أم علي
12,ثليجان,ثليجان
12,عين الزرقاء,عين الزرقاء
12,المريج,المريج
12,بولحاف الدير,بولحاف الدير
12,بجن,بجن
12,المزرعة,المزرعة
12,فركان,فركان
13,تلمسان,تلمسان
13,بني مستر,بني مستر
13,عين تالوت,عين تالوت
13,الرمشي,الرمشي
13,الفحول,الفحول
13,صبرة,صبرة
13,الغزوات,الغزوات
13,السواني,السواني
13,جبالة,جبالة
13,القور,القور
13,وادي الشولي,وادي الشولي
13,عين فزة,عين فزة
13,أولاد ميمون,أولاد ميمون
13,عمير,عمير
13,عين يوسف,عين يوسف
13,زناتة,زناتة
13,بني سنوس,بني سنوس
13,باب العسة,باب العسة
13,دار يغمراسن,دار يغمراسن
13,فلاوسن,فلاوسن
13,العزايل,العزايل
13,السبعة شيوخ,السبعة شيوخ
13,تيرني بني هديل,تيرني بني هديل
13,ابن سكران,ابن سكران
13,عين نحالة,عين نحالة
13,الحناية,الحناية
13,مغنية,مغنية
13,حمام بوغرارة,حمام بوغرارة
13,السواحلية,السواحلية
13,مسيردة الفواقة,مسيردة الفواقة
13,عين فتاح,عين فتاح
13,العريشة,العريشة
13,سوق الثلاثاء,سوق الثلاثاء
13,سيدي عبد اللي,سيدي عبد اللي
13,سبدو,سبدو
13,بني وارسوس,بني وارسوس
13,سيدي مجاهد,سيدي مجاهد
13,بني بوسعيد,بني بوسعيد
13,مرسى بن مهيدي,مرسى بن مهيدي
13,ندرومة,ندرومة
13,سيدي الجيلالي,سيدي الجيلالي
13,بني بهدل,بني بهدل
13,البويهي,البويهي
13,حنين,حنين
13,تيانت,تيانت
13,أولاد رياح,أولاد رياح
13,بوحلو,بوحلو
13,بني راشد,بني راشد
13,عين الغرابة,عين الغرابة
13,شتوان,شتوان
13,منصورة,منصورة
13,بني صميل,بني صميل
13,العين الكبيرة,العين الكبيرة
14,تيارت,تيارت
14,مدروسة,مدروسة
14,عين بوشقيق,عين بوشقيق
14,سيدي علي ملال,سيدي علي ملال
14,عين زاريت,عين زاريت
14,عين الذهب,عين الذهب
14,سيدي بختي,سيدي بختي
14,مديرسة,مديرسة
14,زاملة الأمير عبد القادر,زاملة الأمير عبد القادر
14,مادنة,مادنة
14,السبت,السبت
14,ملاكو,ملاكو
14,دحموني,دحموني
14,رحوية,رحوية
14,مهدية,مهدية
14,السوقر,السوقر
14,سي عبد الغني,سي عبد الغني
14,عين الحديد,عين الحديد
14,جبيلة الرصفاء,جبيلة الرصفاء
14,النعيمة,النعيمة
14,مغيلة,مغيلة
14,قرطوفة,قرطوفة
14,سيدي الحسني,سيدي الحسني
14,جيلالي بن عمار,جيلالي بن عمار
14,سبعين,سبعين
14,توسنينة,توسنينة
14,فرندة,فرندة
14,عين كرمس,عين كرمس
14,قصر الشلالة,قصر الشلالة
14,الرشايقة,الرشايقة
14,الناظورة,الناظورة
14,تاقدمت,تاقدمت
14,وادي ليلي,وادي ليلي
14,مشرع الصفا,مشرع الصفا
14,الحمادية,الحمادية
14,شحيمة,شحيمة
14,تخمرت,تخمرت
14,سيدي عبد الرحمن,سيدي عبد الرحمن
14,سرغين,سرغين
14,بوقرة,بوقرة
14,الفايجة,الفايجة
14,تيدة,تيدة
15,تيزي وزو,تيزي وزو
15,عين الحمام,عين الحمام
15,اقبيل,اقبيل
15,فريحة,فريحة
15,الصوامع,الصوامع
15,مشطراس,مشطراس
15,ارجن,ارجن
15,تيميزارت,تيميزارت
15,ماكودة,ماكودة
15,ذراع الميزان,ذراع الميزان
15,تيزي غنيف,تيزي غنيف
15,بونوح,بونوح
15,أيت شفعة,أيت شفعة
15,فريقات,فريقات
15,بني عيسي,بني عيسي
15,بني زمنزر,بني زمنزر
15,ايفرحونن,ايفرحونن
15,عزازقة,عزازقة
15,ايلولة امالو,ايلولة امالو
15,يعكورن,يعكورن
15,الأربعاء نايث إيراثن,الأربعاء نايث إيراثن
15,تيزي راشد,تيزي راشد
15,زكري,زكري
15,واقنون,واقنون
15,عين الزاوية,عين الزاوية
15,مكيرة,مكيرة
15,أيت يحي,أيت يحي
15,أيت محمود,أيت محمود
15,المعاتقة,المعاتقة
15,أيت بومهدي,أيت بومهدي
15,أبي يوسف,أبي يوسف
15,بني دوالة,بني دوالة
15,اليلتين,اليلتين
15,بوزغن,بوزغن
15,أيت قواشة,أيت قواشة
15,واضية,واضية
15,أزفون,أزفون
15,تقيزريت,تقيزريت
15,جبل عيسى ميمون,جبل عيسى ميمون
15,بوغني,بوغني
15,إيفيغاء,إيفيغاء
15,أيت أومالو,أيت أومالو
15,تيرمتين,تيرمتين
15,أقرو,أقرو
15,ياطفان,ياطفان
15,بني زيكي,بني زيكي
15,ذراع بن خدة,ذراع بن خدة
15,واسيف,واسيف
15,إجر,إجر
15,مقلة,مقلة
15,تيزي نثلاثة,تيزي نثلاثة
15,بني يني,بني يني
15,أغريب,أغريب
15,أفليسن,أفليسن
15,بوجيمة,بوجيمة
15,أيت يحيى,أيت يحيى
15,سوق الاثنين,سوق الاثنين
15,أيت خليلي,أيت خليلي
15,سيدي نعمان,سيدي نعمان
15,أبودرارن,أبودرارن
15,أقني قغران,أقني قغران
15,مزرانة,مزرانة
15,أمسوحال,أمسوحال
15,تادمايت,تادمايت
15,أيت بوعدو,أيت بوعدو
15,أسي يوسف,أسي يوسف
15,أيت تودرت,أيت تودرت
16,الجزائر,الجزائر
16,سيدي امحمد,سيدي امحمد
16,المدنية,المدنية
16,محمد بلوزداد,محمد بلوزداد
16,باب الوادي,باب الوادي
16,بولوغين بن زيري,بولوغين بن زيري
16,القصبة,القصبة
16,وادي قريش,وادي قريش
16,بئر مراد رايس,بئر مراد رايس
16,الأبيار,الأبيار
16,بوزريعة,بوزريعة
16,بئر خادم,بئر خادم
16,الحراش,الحراش
16,براقي,براقي
16,وادي السمار,وادي السمار
16,بوروبة,بوروبة
16,حسين داي,حسين داي
16,القبة,القبة
16,باش جراح,باش جراح
16,الدار البيضاء,الدار البيضاء
16,باب الزوار,باب الزوار
16,ابن عكنون,ابن عكنون
16,دالي إبراهيم,دالي إبراهيم
16,الحمامات,الحمامات
16,الرايس حميدو,الرايس حميدو
16,جسر قسنطينة,جسر قسنطينة
16,المرادية,المرادية
16,حيدرة,حيدرة
16,المحمدية,المحمدية
16,برج الكيفان,برج الكيفان
16,المغارية,المغارية
16,بني مسوس,بني مسوس
16,الكاليتوس,الكاليتوس
16,تسالة المرجة,تسالة المرجة
16,أولاد شبل,أولاد شبل
16,بئر توتة,بئر توتة
16,سيدي موسى,سيدي موسى
16,الرويبة,الرويبة
16,هراوة,هراوة
16,رغاية,رغاية
16,عين طاية,عين طاية
16,برج البحري,برج البحري
16,المرسى,المرسى
16,زرالدة,زرالدة
16,السحاولة,السحاولة
16,المعالمة,المعالمة
16,بابا حسن,بابا حسن
16,الدويرة,الدويرة
16,الدرارية,الدرارية
16,الرحمانية,الرحمانية
16,أولاد فايت,أولاد فايت
16,الشراقة,الشراقة
16,سطاوالي,سطاوالي
16,العاشور,العاشور
16,السويدانية,السويدانية
16,الخرايسية,الخرايسية
16,عين بنيان,عين بنيان
17,الجلفة,الجلفة
17,مجبرة,مجبرة
17,القديد,القديد
17,حاسي بحبح,حاسي بحبح
17,عين معبد,عين معبد
17,سد الرحال,سد الرحال
17,فيض البطمة,فيض البطمة
17,بيرين,بيرين
17,بويرة الأحدب,بويرة الأحدب
17,زكار,زكار
17,الخميس,الخميس
17,سيدي بايزيد,سيدي بايزيد
17,مليليحة,مليليحة
17,الإدريسية,الإدريسية
17,دويس,دويس
17,حاسي العش,حاسي العش
17,مسعد,مسعد
17,القطارة,القطارة
17,سيدي لعجل,سيدي لعجل
17,حد الصحاري,حد الصحاري
17,قرنيني,قرنيني
17,سلمانة,سلمانة
17,عين الشهداء,عين الشهداء
17,أم العظام,أم العظام
17,دار الشيوخ,دار الشيوخ
17,الشارف,الشارف
17,بني يعقوب,بني يعقوب
17,زعفران,زعفران
17,دلدول,دلدول
17,عين الإبل,عين الإبل
17,عين وسارة,عين وسارة
17,بنهار,بنهار
17,حاسي فدول,حاسي فدول
17,عمورة,عمورة
17,عين فكة,عين فكة
17,تاعظميت,تاعظميت
18,جيجل,جيجل
18,أراقن,أراقن
18,العوانة,العوانة
18,زيامة منصورية,زيامة منصورية
18,الطاهير,الطاهير
18,الأمير عبد القادر,الأمير عبد القادر
18,الشقفة,الشقفة
18,الشحنة,الشحنة
18,الميلية,الميلية
18,سيدي معروف,سيدي معروف
18,السطارة,السطارة
18,العنصر,العنصر
18,سيدي عبد العزيز,سيدي عبد العزيز
18,قاوس,قاوس
18,غبالة,غبالة
18,بوراوي بلهادف,بوراوي بلهادف
18,جميلة,جميلة
18,سلمى بن زيادة,سلمى بن زيادة
18,بوسيف أولاد عسكري,بوسيف أولاد عسكري
18,القنار نوشفي,القنار نوشفي
18,أولاد يحيى خدروش,أولاد يحيى خدروش
18,بوذريعة بني ياجيس,بوذريعة بني ياجيس
18,خير وادي عجول,خير وادي عجول
18,تاكسنة,تاكسنة
18,الجمعة بني حبيبي,الجمعة بني حبيبي
18,برج الطاهير,برج الطاهير
18,أولاد رابح,أولاد رابح
18,وجانة,وجانة
19,سطيف,سطيف
19,العين الكبيرة,العين الكبيرة
19,بني عزيز,بني عزيز
19,أولاد سي أحمد,أولاد سي أحمد
19,بوطالب,بوطالب
19,عين الروى,عين الروى
19,ذراع القبيلة,ذراع القبيلة
19,بئر العرش,بئر العرش
19,بني شبانة,بني شبانة
19,أولاد تبان,أولاد تبان
19,الحامة,الحامة
19,معاوية,معاوية
19,عين لقراج,عين لقراج
19,عين عباسة,عين عباسة
19,الدهامشة,الدهامشة
19,بابور,بابور
19,قجال,قجال
19,عين الحجر,عين الحجر
19,بوسلام,بوسلام
19,العلمة,العلمة
19,جميلة,جميلة
19,بني ورتيلان,بني ورتيلان
19,الرصفة,الرصفة
19,أولاد عدوان,أولاد عدوان
19,بلعة,بلعة
19,عين أرنات,عين أرنات
19,عموشة,عموشة
19,عين ولمان,عين ولمان
19,بيضاء برج,بيضاء برج
19,بوعنداس,بوعنداس
19,بازر الصخرة,بازر الصخرة
19,حمام السخنة,حمام السخنة
19,مزلوق,مزلوق
19,بئر حدادة,بئر حدادة
19,سرج الغول,سرج الغول
19,حربيل,حربيل
19,الوريسية,الوريسية
19,تيزي نبشار,تيزي نبشار
19,صالح باي,صالح باي
19,عين أزال,عين أزال
19,قنزات,قنزات
19,تالة إفاسن,تالة إفاسن
19,بوقاعة,بوقاعة
19,بني فودة,بني فودة
19,تاشودة,تاشودة
19,بني موحلي,بني موحلي
19,أولاد صابر,أولاد صابر
19,قلال بوطالب,قلال بوطالب
19,عين السبت,عين السبت
19,حمام قرقور,حمام قرقور
19,أيت نوال مزادة,أيت نوال مزادة
19,قصر الأبطال,قصر الأبطال
19,بني وسين,بني وسين
19,أيت تيزي,أيت تيزي
19,ماوكلان,ماوكلان
19,القلتة الزرقاء,القلتة الزرقاء
19,وادي البارد,وادي البارد
19,الطاية,الطاية
19,الولجة,الولجة
19,تلة,تلة
20,سعيدة,سعيدة
20,دوي ثابت,دوي ثابت
20,عين الحجر,عين الحجر
20,أولاد خالد,أولاد خالد
20,مولاي العربي,مولاي العربي
20,يوب,يوب
20,حنات,حنات
20,سيدي عمار,سيدي عمار
20,سيدي بوبكر,سيدي بوبكر
20,الحساسنة,الحساسنة
20,المعمورة,المعمورة
20,سيدي أحمد,سيدي أحمد
20,عين السخونة,عين السخونة
20,أولاد إبراهيم,أولاد إبراهيم
20,تيرسين,تيرسين
20,عين السلطان,عين السلطان
21,سكيكدة,سكيكدة
21,عين زويت,عين زويت
21,الحدائق,الحدائق
21,عزابة,عزابة
21,جندل سعيدي محمد,جندل سعيدي محمد
21,عين الشرشار,عين الشرشار
21,بكوش الأخضر,بكوش الأخضر
21,بن عزوز,بن عزوز
21,السبت,السبت
21,القل,القل
21,بني زيد,بني زيد
21,الكركرة,الكركرة
21,أولاد عطية,أولاد عطية
21,وادي الزهور,وادي الزهور
21,الزيتونة,الزيتونة
21,الحروش,الحروش
21,زردازة,زردازة
21,أولاد حبابة,أولاد حبابة
21,سيدي مزغيش,سيدي مزغيش
21,مجاز الدشيش,مجاز الدشيش
21,بني ولبان,بني ولبان
21,عين بوزيان,عين بوزيان
21,رمضان جمال,رمضان جمال
21,بني بشير,بني بشير
21,صالح بوالشعور,صالح بوالشعور
21,تمالوس,تمالوس
21,عين قشرة,عين قشرة
21,أم الطوب,أم الطوب
21,بين الويدان,بين الويدان
21,فلفلة,فلفلة
21,الشرائع,الشرائع
21,قنواع,قنواع
21,الغدير,الغدير
21,بوشطاطة,بوشطاطة
21,الولجة بوالبلوط,الولجة بوالبلوط
21,خنق مايون,خنق مايون
21,حمادي كرومة,حمادي كرومة
21,المرسى,المرسى
22,سيدي بلعباس,سيدي بلعباس
22,تسالة,تسالة
22,سيدي إبراهيم,سيدي إبراهيم
22,مصطفى بن إبراهيم,مصطفى بن إبراهيم
22,تلاغ,تلاغ
22,مزاورو,مزاورو
22,بوخنيفيس,بوخنيفيس
22,سيدي علي بوسيدي,سيدي علي بوسيدي
22,بدر الدين المقراني,بدر الدين المقراني
22,مرحوم,مرحوم
22,تافيسور,تافيسور
22,امرناس,امرناس
22,تيلموني,تيلموني
22,سيدي لحسن,سيدي لحسن
22,عين الثريد,عين الثريد
22,مقدرة,مقدرة
22,تنيرة,تنيرة
22,مولاي سليسن,مولاي سليسن
22,الحصيبة,الحصيبة
22,حاسي زهانة,حاسي زهانة
22,طابية,طابية
22,مرين,مرين
22,رأس الماء,رأس الماء
22,عين تندمين,عين تندمين
22,عين قادة,عين قادة
22,مسيد,مسيد
22,سيدي خالد,سيدي خالد
22,عين البرد,عين البرد
22,الزفيزف,الزفيزف
22,عين عدان,عين عدان
22,وادي تاوريرة,وادي تاوريرة
22,الضاية,الضاية
22,زروالة,زروالة
22,لمطار,لمطار
22,سيدي شعيب,سيدي شعيب
22,سيدي دحو الزاير,سيدي دحو الزاير
22,وادي السبع,وادي السبع
22,بوجبع البرج,بوجبع البرج
22,سحالة ثاورة,سحالة ثاورة
22,سيدي يعقوب,سيدي يعقوب
22,سيدي حمادوش,سيدي حمادوش
22,بلعربي,بلعربي
22,وادي سفيون,وادي سفيون
22,تغليمت,تغليمت
22,بن باديس,بن باديس
22,سيدي علي بن يوب,سيدي علي بن يوب
22,شتوان بليلة,شتوان بليلة
22,بئر الحمام,بئر الحمام
22,تاودموت,تاودموت
22,رجم دموش,رجم دموش
22,بن عشيبة شلية,بن عشيبة شلية
22,حاسي دحو,حاسي دحو
23,عنابة,عنابة
23,برحال,برحال
23,الحجار,الحجار
23,العلمة,العلمة
23,البوني,البوني
23,وادي العنب,وادي العنب
23,الشرفاء,الشرفاء
23,سرايدي,سرايدي
23,العين الباردة,العين الباردة
23,شطايبي,شطايبي
23,سيدي عمار,سيدي عمار
23,التريعات,التريعات
24,قالمة,قالمة
24,نشماية,نشماية
24,بوعاطي محمود,بوعاطي محمود
24,وادي الزناتي,وادي الزناتي
24,تاملوكة,تاملوكة
24,وادي فراغا,وادي فراغا
24,عين صندل,عين صندل
24,رأس العقبة,رأس العقبة
24,الداواهرة,الداواهرة
24,بلخير,بلخير
24,بن جراح,بن جراح
24,بوحمدان,بوحمدان
24,عين مخلوف,عين مخلوف
24,عين بن بيضاء,عين بن بيضاء
24,خزارة,خزارة
24,بني مزلين,بني مزلين
24,بوحشانة,بوحشانة
24,قلعة بوصبع,قلعة بوصبع
24,حمام دباغ,حمام دباغ
24,الفجوج,الفجوج
24,برج صباط,برج صباط
24,حمام النبايل,حمام النبايل
24,عين العربي,عين العربي
24,مجاز عمار,مجاز عمار
24,بوشقوف,بوشقوف
24,هيليوبوليس,هيليوبوليس
24,عين الحساينية,عين الحساينية
24,الركنية,الركنية
24,سلاوة عنونة,سلاوة عنونة
24,مجاز الصفاء,مجاز الصفاء
24,بومهرة أحمد,بومهرة أحمد
24,عين رقادة,عين رقادة
24,وادي الشحم,وادي الشحم
24,جبالة الخميسي,جبالة الخميسي
25,قسنطينة,قسنطينة
25,حامة بوزيان,حامة بوزيان
25,ابن باديس,ابن باديس
25,زيغود يوسف,زيغود يوسف
25,ديدوش مراد,ديدوش مراد
25,الخروب,الخروب
25,عين عبيد,عين عبيد
25,بني حميدان,بني حميدان
25,أولاد رحمون,أولاد رحمون
25,عين السمارة,عين السمارة
25,بوجريو مسعود,بوجريو مسعود
25,ابن زياد,ابن زياد
26,المدية,المدية
26,وزرة,وزرة
26,أولاد معروف,أولاد معروف
26,عين بوسيف,عين بوسيف
26,العيساوية,العيساوية
26,أولاد دايد,أولاد دايد
26,العمرية,العمرية
26,دراق,دراق
26,القلب الكبير,القلب الكبير
26,بوعيش,بوعيش
26,مزغنة,مزغنة
26,أولاد إبراهيم,أولاد إبراهيم
26,دميات,دميات
26,سيدي زيان,سيدي زيان
26,تمسقيدة,تمسقيدة
26,الحمدانية,الحمدانية
26,الكاف الأخضر,الكاف الأخضر
26,شلالة العذاورة,شلالة العذاورة
26,بوسكن,بوسكن
26,الربعية,الربعية
26,بوشراحيل,بوشراحيل
26,أولاد هلال,أولاد هلال
26,تفراوت,تفراوت
26,بعطة,بعطة
26,بوغار,بوغار
26,سيدي نعمان,سيدي نعمان
26,أولاد بوعشرة,أولاد بوعشرة
26,سيدي زهار,سيدي زهار
26,وادي حربيل,وادي حربيل
26,بن شكاو,بن شكاو
26,سيدي دامد,سيدي دامد
26,عزيز,عزيز
26,السواقي,السواقي
26,الزبيرية,الزبيرية
26,قصر البخاري,قصر البخاري
26,العزيزية,العزيزية
26,جواب,جواب
26,الشهبونية,الشهبونية
26,مغراوة,مغراوة
26,شنيقل,شنيقل
26,عين القصيرة,عين القصيرة
26,أم الجليل,أم الجليل
26,عوامري,عوامري
26,سي المحجوب,سي المحجوب
26,ثلاث دوائر,ثلاث دوائر
26,بني سليمان,بني سليمان
26,البرواقية,البرواقية
26,سغوان,سغوان
26,مفتاح,مفتاح
26,ميهوب,ميهوب
26,بوغزول,بوغزول
26,تابلاط,تابلاط
26,الحوضان,الحوضان
26,ذراع السمار,ذراع السمار
26,سيدي الربيع,سيدي الربيع
26,بئر بن عابد,بئر بن عابد
26,العوينات,العوينات
26,أولاد عنتر,أولاد عنتر
26,بوعيشون,بوعيشون
26,حناشة,حناشة
26,سدراية,سدراية
26,مجبر,مجبر
26,خمس جوامع,خمس جوامع
26,السائق,السائق
27,مستغانم,مستغانم
27,صيادة,صيادة
27,فرناقة,فرناقة
27,ستيدية,ستيدية
27,عين نويسي,عين نويسي
27,حاسي ماماش,حاسي ماماش
27,عين تادلس,عين تادلس
27,سور,سور
27,وادي الخير,وادي الخير
27,سيدي بلعطار,سيدي بلعطار
27,خير الدين,خير الدين
27,سيدي علي,سيدي علي
27,بن عبد المالك رمضان,بن عبد المالك رمضان
27,حجاج,حجاج
27,نكمارية,نكمارية
27,سيدي لخضر,سيدي لخضر
27,عشعاشة,عشعاشة
27,خضراء,خضراء
27,بوقيراط,بوقيراط
27,سيرات,سيرات
27,عين سيدي الشريف,عين سيدي الشريف
27,ماسرة,ماسرة
27,منصورة,منصورة
27,السوافلية,السوافلية
27,أولاد بوغالم,أولاد بوغالم
27,أولاد مع الله,أولاد مع الله
27,مزغران,مزغران
27,عين بودينار,عين بودينار
27,تزقايت,تزقايت
27,صفصاف,صفصاف
27,الطواهرية,الطواهرية
27,الحسيان,الحسيان
28,المسيلة,المسيلة
28,المعاضيد,المعاضيد
28,حمام الضلعة,حمام الضلعة
28,أولاد دراج,أولاد دراج
28,تارمونت,تارمونت
28,المطارفة,المطارفة
28,خبانة,خبانة
28,مصيف,مصيف
28,شلال,شلال
28,أولاد ماضي,أولاد ماضي
28,مقرة,مقرة
28,برهوم,برهوم
28,عين خضراء,عين خضراء
28,أولاد عدي قبالة,أولاد عدي قبالة
28,بلعايبة,بلعايبة
28,سيدي عيسى,سيدي عيسى
28,عين الحجل,عين الحجل
28,سيدي هجرس,سيدي هجرس
28,ونوغة,ونوغة
28,بوسعادة,بوسعادة
28,أولاد سيدي ابراهيم,أولاد سيدي ابراهيم
28,سيدي عامر,سيدي عامر
28,تامسة,تامسة
28,ابن سرور,ابن سرور
28,أولاد سليمان,أولاد سليمان
28,الحوامد,الحوامد
28,الهامل,الهامل
28,أولاد منصور,أولاد منصور
28,معاريف,معاريف
28,دهاهنة,دهاهنة
28,بوطي السياح,بوطي السياح
28,ختوتي سد الجير,ختوتي سد الجير
28,زرزور,زرزور
28,محمد بوضياف,محمد بوضياف
28,بن زوح,بن زوح
28,بئر الفضة,بئر الفضة
28,عين فارس,عين فارس
28,سيدي أحمد,سيدي أحمد
28,منعة -أولاد عطية,منعة -أولاد عطية
28,الصوامع,الصوامع
28,عين الملح,عين الملح
28,مجدل,مجدل
28,سليم,سليم
28,عين الريش,عين الريش
28,بني يلمان,بني يلمان
28,ولتام,ولتام
28,جبل مسعد,جبل مسعد
29,معسكر,معسكر
29,بوحنيفية,بوحنيفية
29,تيزي,تيزي
29,حسين,حسين
29,ماوسة,ماوسة
29,تيغنيف,تيغنيف
29,الحشم,الحشم
29,سيدي قادة,سيدي قادة
29,زلامطة,زلامطة
29,وادي الأبطال,وادي الأبطال
29,عين فراح,عين فراح
29,غريس,غريس
29,فروحة,فروحة
29,المطمور,المطمور
29,ماقضة,ماقضة
29,سيدي بوسعيد,سيدي بوسعيد
29,البرج,البرج
29,عين فكان,عين فكان
29,بنيان,بنيان
29,خلوية,خلوية
29,المنور,المنور
29,وادي تاغية,وادي تاغية
29,عوف,عوف
29,عين فارس,عين فارس
29,عين الفرس,عين الفرس
29,سيق,سيق
29,عكاز,عكاز
29,العلايمية,العلايمية
29,القعدة,القعدة
29,زهانة,زهانة
29,المحمدية,المحمدية
29,سيدي عبد المومن,سيدي عبد المومن
29,فراقيق,فراقيق
29,الغمري,الغمري
29,سجرارة,سجرارة
29,مقطع الدوز,مقطع الدوز
29,بوهني,بوهني
29,القطنة,القطنة
29,المأمونية,المأمونية
29,القرط,القرط
29,غروس,غروس
29,قرجوم,قرجوم
29,الشرفاء,الشرفاء
29,رأس عين عميروش,رأس عين عميروش
29,نسمط,نسمط
29,سيدي عبد الجبار,سيدي عبد الجبار
29,السهايلية,السهايلية
30,ورقلة,ورقلة
30,عين البيضاء,عين البيضاء
30,نقوسة,نقوسة
30,حاسي مسعود,حاسي مسعود
30,الرويسات,الرويسات
30,سيدي خويلد,سيدي خويلد
30,حاسي بن عبد الله,حاسي بن عبد الله
30,البرمة,البرمة
31,وهران,وهران
31,قديل,قديل
31,بئر الجير,بئر الجير
31,حاسي بونيف,حاسي بونيف
31,السانية,السانية
31,أرزيو,أرزيو
31,بطيوة,بطيوة
31,مرسى الحجاج,مرسى الحجاج
31,عين الترك,عين الترك
31,العنصر,العنصر
31,وادي تليلات,وادي تليلات
31,طفراوي,طفراوي
31,سيدي الشحمي,سيدي الشحمي
31,بوفتيس,بوفتيس
31,المرسى الكبير,المرسى الكبير
31,بوصفر,بوصفر
31,الكرمة,الكرمة
31,البراية,البراية
31,حاسي بن عقبة,حاسي بن عقبة
31,بن فريحة,بن فريحة
31,حاسي مفسوخ,حاسي مفسوخ
31,سيدي بن يبقى,سيدي بن يبقى
31,مسرغين,مسرغين
31,بوتليليس,بوتليليس
31,عين الكرمة,عين الكرمة
31,عين البية,عين البية
32,البيض,البيض
32,رقاصة,رقاصة
32,ستيتن,ستيتن
32,بريزينة,بريزينة
32,غسول,غسول
32,بوعلام,بوعلام
32,الأبيض سيدي الشيخ,الأبيض سيدي الشيخ
32,عين العراك,عين العراك
32,عرباوة,عرباوة
32,بوقطب,بوقطب
32,الخيثر,الخيثر
32,الكاف الأحمر,الكاف الأحمر
32,بوسمغون,بوسمغون
32,شلالة,شلالة
32,كراكدة,كراكدة
32,البنود,البنود
32,الشقيق,الشقيق
32,سيدي عامر,سيدي عامر
32,المهارة,المهارة
32,توسمولين,توسمولين
32,سيدي سليمان,سيدي سليمان
32,سيدي تيفور,سيدي تيفور
33,إيليزي,إيليزي
33,دبداب,دبداب
33,برج عمر إدريس,برج عمر إدريس
33,إن أميناس,إن أميناس
34,برج بوعريريج,برج بوعريريج
34,رأس الوادي,رأس الوادي
34,برج زمورة,برج زمورة
34,المنصورة,المنصورة
34,المهير,المهير
34,بن داود,بن داود
34,الياشير,الياشير
34,عين تاغروت,عين تاغروت
34,برج غدير,برج غدير
34,سيدي مبارك,سيدي مبارك
34,الحمادية,الحمادية
34,بليمور,بليمور
34,مجانة,مجانة
34,ثنية النصر,ثنية النصر
34,الجعافرة,الجعافرة
34,الماين,الماين
34,أولاد أبراهيم,أولاد أبراهيم
34,أولاد دحمان,أولاد دحمان
34,حسناوة,حسناوة
34,خليل,خليل
34,تقلعيت,تقلعيت
34,القصور,القصور
34,أولاد سيدي ابراهيم,أولاد سيدي ابراهيم
34,تفرق,تفرق
34,القلة,القلة
34,تيكستير,تيكستير
34,العش,العش
34,العنصر,العنصر
34,تسمرت,تسمرت
34,عين تسرة,عين تسرة
34,بئر قصد علي,بئر قصد علي
34,غيلاسة,غيلاسة
34,الرابطة,الرابطة
34,حرازة,حرازة
35,بومرداس,بومرداس
35,بودواو,بودواو
35,أفير,أفير
35,برج منايل,برج منايل
35,بغلية,بغلية
35,سيدي داود,سيدي داود
35,الناصرية,الناصرية
35,جينات,جينات
35,يسر,يسر
35,زموري,زموري
35,سي مصطفى,سي مصطفى
35,تجلبين,تجلبين
35,شعبة العامر,شعبة العامر
35,الثنية,الثنية
35,تمزريت,تمزريت
35,قورصو,قورصو
35,أولاد موسى,أولاد موسى
35,الاربعطاش,الاربعطاش
35,بوزقرة قدارة,بوزقرة قدارة
35,تورقة,تورقة
35,أولاد عيسى,أولاد عيسى
35,بني شود,بني شود
35,دلس,دلس
35,عمال,عمال
35,بني عمران,بني عمران
35,سوق الأحد,سوق الأحد
35,بودواو البحري,بودواو البحري
35,أولاد هداج,أولاد هداج
35,القاطة,القاطة
35,حمادي,حمادي
35,خميس الخشنة,خميس الخشنة
35,الخروبة,الخروبة
36,الطارف,الطارف
36,بوحجار,بوحجار
36,ابن مهيدي,ابن مهيدي
36,بوقوس,بوقوس
36,القالة,القالة
36,عين العسل,عين العسل
36,العيون,العيون
36,بوثلجة,بوثلجة
36,السواريخ,السواريخ
36,بريحان,بريحان
36,بحيرة الطيور,بحيرة الطيور
36,الشافية,الشافية
36,الذرغان,الذرغان
36,شهاني,شهاني
36,شبايطة مختار,شبايطة مختار
36,البسباس,البسباس
36,عصفور,عصفور
36,الشط,الشط
36,زريزر,زريزر
36,الزيتونة,الزيتونة
36,عين الكرمة,عين الكرمة
36,وادي الزيتون,وادي الزيتون
36,حمام بن صالح,حمام بن صالح
36,رمل السوق,رمل السوق
37,تندوف,تندوف
37,أم العسل,أم العسل
38,تيسمسيلت,تيسمسيلت
38,برج بونعامة,برج بونعامة
38,ثنية الاحد,ثنية الاحد
38,الأزهرية,الأزهرية
38,بني شعيب,بني شعيب
38,الأرجم,الأرجم
38,ملعب,ملعب
38,سيدي العنتري,سيدي العنتري
38,برج الأمير عبد القادر,برج الأمير عبد القادر
38,العيون,العيون
38,خميستي,خميستي
38,أولاد بسام,أولاد بسام
38,عماري,عماري
38,اليوسفية,اليوسفية
38,سيدي بوتوشنت,سيدي بوتوشنت
38,الأربعاء,الأربعاء
38,المعاصم,المعاصم
38,سيدي عابد,سيدي عابد
38,تاملاحت,تاملاحت
38,سيدي سليمان,سيدي سليمان
38,بوقايد,بوقايد
38,بني الحسن,بني الحسن
39,الوادي,الوادي
39,الرباح,الرباح
39,وادي العلندة,وادي العلندة
39,البياضة,البياضة
39,النخلة,النخلة
39,قمار,قمار
39,كوينين,كوينين
39,الرقيبة,الرقيبة
39,الحمراية,الحمراية
39,تاغزوت,تاغزوت
39,الدبيلة,الدبيلة
39,حساني عبد الكريم,حساني عبد الكريم
39,حاسي خليفة,حاسي خليفة
39,طالب العربي,طالب العربي
39,دوار الماء,دوار الماء
39,سيدي عون,سيدي عون
39,الطريفاوي,الطريفاوي
39,المقرن,المقرن
39,بني قشة,بني قشة
39,ورماس,ورماس
39,العقلة,العقلة
39,ميه وانسة,ميه وانسة
40,خنشلة,خنشلة
40,متوسة,متوسة
40,قايس,قايس
40,بغاي,بغاي
40,الحامة,الحامة
40,عين الطويلة,عين الطويلة
40,تاوزيانت,تاوزيانت
40,بوحمامة,بوحمامة
40,الولجة,الولجة
40,الرميلة,الرميلة
40,ششار,ششار
40,جلال,جلال
40,ببار,ببار
40,تلمزة,تلمزة
40,انسيغة,انسيغة
40,أولاد رشاش,أولاد رشاش
40,المحمل,المحمل
40,مصارة,مصارة
40,يابوس,يابوس
40,خيران,خيران
40,شلية,شلية
41,سوق أهراس,سوق أهراس
41,سدراتة,سدراتة
41,الجنانشة,الجنانشة
41,مشروحة,مشروحة
41,أولاد إدريس,أولاد إدريس
41,تيفاش,تيفاش
41,الزعرورية,الزعرورية
41,تاورة,تاورة
41,الدريعة,الدريعة
41,الحدادة,الحدادة
41,لخضارة,لخضارة
41,المراهنة,المراهنة
41,أولاد مومن,أولاد مومن
41,بئر بوحوش,بئر بوحوش
41,مداوروش,مداوروش
41,أم العظايم,أم العظايم
41,عين الزانة,عين الزانة
41,عين السلطان,عين السلطان
41,ويلان,ويلان
41,سيدي فرج,سيدي فرج
41,سافل الويدان,سافل الويدان
41,الرقوبة,الرقوبة
41,خميسة,خميسة
41,وادي الكبريت,وادي الكبريت
41,ترقالت,ترقالت
41,الزوابي,الزوابي
42,تيبازة,تيبازة
42,مناصر,مناصر
42,الأرهاط,الأرهاط
42,دواودة,دواودة
42,بورقيقة,بورقيقة
42,خميستي,خميستي
42,أغبال,أغبال
42,حجوط,حجوط
42,سيدي عامر,سيدي عامر
42,قوراية,قوراية
42,الناظور,الناظور
42,الشعيبة,الشعيبة
42,عين تاقورايت,عين تاقورايت
42,شرشال,شرشال
42,الداموس,الداموس
42,مراد,مراد
42,فوكة,فوكة
42,بواسماعيل,بواسماعيل
42,أحمر العين,أحمر العين
42,بوهارون,بوهارون
42,سيدي غيلاس,سيدي غيلاس
42,مسلمون,مسلمون
42,سيدي راشد,سيدي راشد
42,القليعة,القليعة
42,الحطاطبة,الحطاطبة
42,سيدي سميان,سيدي سميان
42,بني ميلك,بني ميلك
42,حجرة النص,حجرة النص
43,ميلة,ميلة
43,فرجيوة,فرجيوة
43,شلغوم العيد,شلغوم العيد
43,وادي العثمانية,وادي العثمانية
43,عين ملوك,عين ملوك
43,تلاغمة,تلاغمة
43,وادي سقان,وادي سقان
43,تاجنانت,تاجنانت
43,أبن يحيى عبد الرحمن,أبن يحيى عبد الرحمن
43,وادي النجاء,وادي النجاء
43,أحمد راشدي,أحمد راشدي
43,أولاد خلوف,أولاد خلوف
43,تيبرقنت,تيبرقنت
43,بوحاتم,بوحاتم
43,الرواشد,الرواشد
43,تسالة المطاعي,تسالة المطاعي
43,قرارم قوقة,قرارم قوقة
43,سيدي مروان,سيدي مروان
43,تسادان حدادة,تسادان حدادة
43,دراجي بوصالح,دراجي بوصالح
43,مينار زرزة,مينار زرزة
43,عميرة أراس,عميرة أراس
43,ترعي بايبان,ترعي بايبان
43,حمالة,حمالة
43,عين التين,عين التين
43,المشيرة,المشيرة
43,سيدي خليفة,سيدي خليفة
43,الزغاية,الزغاية
43,العيادي برباس,العيادي برباس
43,عين البيضاء حريش,عين البيضاء حريش
43,يحيى بني قشة,يحيى بني قشة
43,السيقارة,السيقارة
44,عين الدفلة,عين الدفلة
44,مليانة,مليانة
44,بومدفع,بومدفع
44,خميس مليانة,خميس مليانة
44,حمام ريغة,حمام ريغة
44,عريب,عريب
44,جليدة,جليدة
44,العامرة,العامرة
44,بوراشد,بوراشد
44,العطاف,العطاف
44,العبادية,العبادية
44,جندل,جندل
44,وادي الشرفاء,وادي الشرفاء
44,عين الاشياخ,عين الاشياخ
44,وادي جمعة,وادي جمعة
44,روينة,روينة
44,زدين,زدين
44,الحسانية,الحسانية
44,بئر ولد خليفة,بئر ولد خليفة
44,عين السلطان,عين السلطان
44,طارق بن زياد,طارق بن زياد
44,برج الأمير خالد,برج الأمير خالد
44,عين الترك,عين الترك
44,سيدي الأخضر,سيدي الأخضر
44,إبن علال,إبن علال
44,عين البنيان,عين البنيان
44,الحسينية,الحسينية
44,بربوش,بربوش
44,جمعة أولاد الشيخ,جمعة أولاد الشيخ
44,المخاطرية,المخاطرية
44,بطحية,بطحية
44,تاشتة زقاغة,تاشتة زقاغة
44,عين بويحيى,عين بويحيى
44,الماين,الماين
44,تبركانين,تبركانين
44,بالعاص,بالعاص
45,النعامة,النعامة
45,مشرية,مشرية
45,عين الصفراء,عين الصفراء
45,تيوت,تيوت
45,سفيسيفة,سفيسيفة
45,مغرار,مغرار
45,عسلة,عسلة
45,جنين بورزق,جنين بورزق
45,عين بن خليل,عين بن خليل
45,مكمن بن عمرو,مكمن بن عمرو
45,قصدير,قصدير
45,البيوض,البيوض
46,عين تيموشنت,عين تيموشنت
46,شعبة اللحم,شعبة اللحم
46,عين الكحيل,عين الكحيل
46,حملم بوحجر,حملم بوحجر
46,بوزجار,بوزجار
46,وادي برقش,وادي برقش
46,أغلال,أغلال
46,تارقة,تارقة
46,عين الأربعاء,عين الأربعاء
46,تامزورة,تامزورة
46,شنتوف,شنتوف
46,سيدي بن عدة,سيدي بن عدة
46,عقب الليل,عقب الليل
46,المالح,المالح
46,سيدي بومدين,سيدي بومدين
46,وادي الصباح,وادي الصباح
46,أولاد بوجمعة,أولاد بوجمعة
46,عين الطلبة,عين الطلبة
46,العامرية,العامرية
46,حاسي الغلة,حاسي الغلة
46,الحساسنة,الحساسنة
46,أولاد كحيل,أولاد كحيل
46,بني صاف,بني صاف
46,سيدي الصافي,سيدي الصافي
46,ولهاصة الغرابة,ولهاصة الغرابة
46,سيدي أورياش,سيدي أورياش
46,الأمير عبد القادر,الأمير عبد القادر
46,المساعيد,المساعيد
47,غرداية,غرداية
47,ضاية بن ضحوة,ضاية بن ضحوة
47,بريان,بريان
47,منليلي,منليلي
47,القرارة,القرارة
47,العطف,العطف
47,رلفانة,رلفانة
47,سبسب,سبسب
47,بونورة,بونورة
47,المنصورة,المنصورة
48,غليزان,غليزان
48,وادي رهيو,وادي رهيو
48,بلعسل بوزقزة,بلعسل بوزقزة
48,سيدي سعادة,سيدي سعادة
48,أولاد عيش,أولاد عيش
48,سيدي لزرق,سيدي لزرق
48,الحمادنة,الحمادنة
48,سيدي أحمد بن علي,سيدي أحمد بن علي
48,مديونة,مديونة
48,سيدي خطاب,سيدي خطاب
48,عمي موسى,عمي موسى
48,زمورة,زمورة
48,بني درقون,بني درقون
48,جديوية,جديوية
48,القطار,القطار
48,الحمري,الحمري
48,المطمر,المطمر
48,سيدي امحمد بن عودة,سيدي امحمد بن عودة
48,عين طارق,عين طارق
48,وادي السلام,وادي السلام
48,ورزان,ورزان
48,مازونة,مازونة
48,القلعة,القلعة
48,عين الرحمة,عين الرحمة
48,يلل,يلل
48,وادي الجمعة,وادي الجمعة
48,رمقة,رمقة
48,منداس,منداس
48,الأحلاف,الأحلاف
48,بني زنطيس,بني زنطيس
48,سوق الأحد,سوق الأحد
48,دار بن عبد الله,دار بن عبد الله
48,الحاسي,الحاسي
48,حد الشكالة,حد الشكالة
48,بن داود,بن داود
48,الولجة,الولجة
48,مرجة سيدي عابد,مرجة سيدي عابد
48,أولاد سيدي ميهوب,أولاد سيدي ميهوب
49,تيميمون,تيميمون
49,شروين,شروين
49,قصر قدور,قصر قدور
49,أولاد سعيد,أولاد سعيد
49,تينركوك,تينركوك
49,دلدول,دلدول
49,المطارفة,المطارفة
49,أوقروت,أوقروت
49,طلمين,طلمين
49,أولاد عيسى,أولاد عيسى
50,برج باجي مختار,برج باجي مختار
50,تيمياوين,تيمياوين
51,أولاد جلال,أولاد جلال
51,سيدي خالد,سيدي خالد
51,رأس الميعاد,رأس الميعاد
51,بسباس,بسباس
51,الشعيبة,الشعيبة
51,الدوسن,الدوسن
52,بني عباس,بني عباس
52,تامترت,تامترت
52,كرزاز,كرزاز
52,تيمودي,تيمودي
52,بني يخلف,بني يخلف
52,الوطاء,الوطاء
52,تبلبالة,تبلبالة
52,أولاد خضير,أولاد خضير
52,قصابي,قصابي
52,إيقلي,إيقلي
53,عين صالح,عين صالح
53,إنغر,إنغر
53,فقارة الزوا,فقارة الزوا
54,عين قزام,عين قزام
54,تينزواتين,تينزواتين
55,توقرت,توقرت
55,النزلة,النزلة
55,تبسبست,تبسبست
55,الزاوية العابدية,الزاوية العابدية
55,تماسين,تماسين
55,بلدية عامر,بلدية عامر
55,المقارين,المقارين
55,المنقر,المنقر
55,الطيبات,الطيبات
55,بن ناصر,بن ناصر
55,سيدي سليمان,سيدي سليمان
55,الحجيرة,الحجيرة
55,العالية,العالية
56,جانت,جانت
56,برج الحواس,برج الحواس
57,المغير,المغير
57,أم الطيور,أم الطيور
57,سطيل,سطيل
57,سيدي خليل,سيدي خليل
57,جامعة,جامعة
57,سيدي عمران,سيدي عمران
57,تندلة,تندلة
57,مرارة,مرارة
58,المنيعة,المنيعة
58,حاسي القارة,حاسي القارة
58,حاسي الفحل,حاسي الفحل
